DATE,DAY_OF_THE_WEEK,TTS,TTB,TTM
2020-01-01 00:00:00,Wednesday,,,
2020-01-02 00:00:00,Thursday,,,
2020-01-03 00:00:00,Friday,,,
2020-01-04 00:00:00,Saturday,,,
2020-01-05 00:00:00,Sunday,,,
2020-01-06 00:00:00,Monday,109.11,107.11,108.11
2020-01-07 00:00:00,Thuesday,109.44,107.44,108.44
2020-01-08 00:00:00,Wednesday,108.83,106.83,107.83
2020-01-09 00:00:00,Thursday,110.24,108.24,109.24
2020-01-10 00:00:00,Friday,110.57,108.57,109.57
2020-01-11 00:00:00,Saturday,,,
2020-01-12 00:00:00,Sunday,,,
2020-01-13 00:00:00,Monday,,,
2020-01-14 00:00:00,Thuesday,111.16,109.16,110.16
2020-01-15 00:00:00,Wednesday,110.95,108.95,109.95
2020-01-16 00:00:00,Thursday,110.95,108.95,109.95
2020-01-17 00:00:00,Friday,111.33,109.33,110.33
2020-01-18 00:00:00,Saturday,,,
2020-01-19 00:00:00,Sunday,,,
2020-01-20 00:00:00,Monday,111.19,109.19,110.19
2020-01-21 00:00:00,Thuesday,111.24,109.24,110.24
2020-01-22 00:00:00,Wednesday,110.91,108.91,109.91
2020-01-23 00:00:00,Thursday,110.72,108.72,109.72
2020-01-24 00:00:00,Friday,110.59,108.59,109.59
2020-01-25 00:00:00,Saturday,,,
2020-01-26 00:00:00,Sunday,,,
2020-01-27 00:00:00,Monday,110.06,108.06,109.06
2020-01-28 00:00:00,Thuesday,109.87,107.87,108.87
2020-01-29 00:00:00,Wednesday,110.08,108.08,109.08
2020-01-30 00:00:00,Thursday,110.01,108.01,109.01
2020-01-31 00:00:00,Friday,110.06,108.06,109.06
2020-02-01 00:00:00,Saturday,,,
2020-02-02 00:00:00,Sunday,,,
2020-02-03 00:00:00,Monday,109.52,107.52,108.52
2020-02-04 00:00:00,Thuesday,109.61,107.61,108.61
2020-02-05 00:00:00,Wednesday,110.46,108.46,109.46
2020-02-06 00:00:00,Thursday,110.86,108.86,109.86
2020-02-07 00:00:00,Friday,110.92,108.92,109.92
2020-02-08 00:00:00,Saturday,,,
2020-02-09 00:00:00,Sunday,,,
2020-02-10 00:00:00,Monday,110.67,108.67,109.67
2020-02-11 00:00:00,Thuesday,,,
2020-02-12 00:00:00,Wednesday,110.85,108.85,109.85
2020-02-13 00:00:00,Thursday,110.91,108.91,109.91
2020-02-14 00:00:00,Friday,110.89,108.89,109.89
2020-02-15 00:00:00,Saturday,,,
2020-02-16 00:00:00,Sunday,,,
2020-02-17 00:00:00,Monday,110.8,108.8,109.8
2020-02-18 00:00:00,Thuesday,110.86,108.86,109.86
2020-02-19 00:00:00,Wednesday,110.94,108.94,109.94
2020-02-20 00:00:00,Thursday,112.28,110.28,111.28
2020-02-21 00:00:00,Friday,113.11,111.11,112.11
2020-02-22 00:00:00,Saturday,,,
2020-02-23 00:00:00,Sunday,,,
2020-02-24 00:00:00,Monday,,,
2020-02-25 00:00:00,Thuesday,111.91,109.91,110.91
2020-02-26 00:00:00,Wednesday,111.31,109.31,110.31
2020-02-27 00:00:00,Thursday,111.32,109.32,110.32
2020-02-28 00:00:00,Friday,110.43,108.43,109.43
2020-02-29 00:00:00,Saturday,,,
2020-03-01 00:00:00,Sunday,,,
2020-03-02 00:00:00,Monday,108.66,106.66,107.66
2020-03-03 00:00:00,Thuesday,109.24,107.24,108.24
2020-03-04 00:00:00,Wednesday,108.36,106.36,107.36
2020-03-05 00:00:00,Thursday,108.53,106.53,107.53
2020-03-06 00:00:00,Friday,107.25,105.25,106.25
2020-03-07 00:00:00,Saturday,,,
2020-03-08 00:00:00,Sunday,,,
2020-03-09 00:00:00,Monday,103.01,101.01,102.01
2020-03-10 00:00:00,Thuesday,104.28,102.28,103.28
2020-03-11 00:00:00,Wednesday,105.88,103.88,104.88
2020-03-12 00:00:00,Thursday,105.6,103.6,104.6
2020-03-13 00:00:00,Friday,106.17,104.17,105.17
2020-03-14 00:00:00,Saturday,,,
2020-03-15 00:00:00,Sunday,,,
2020-03-16 00:00:00,Monday,107.91,105.91,106.91
2020-03-17 00:00:00,Thuesday,107.6,105.6,106.6
2020-03-18 00:00:00,Wednesday,108.39,106.39,107.39
2020-03-19 00:00:00,Thursday,109.98,107.98,108.98
2020-03-20 00:00:00,Friday,,,
2020-03-21 00:00:00,Saturday,,,
2020-03-22 00:00:00,Sunday,,,
2020-03-23 00:00:00,Monday,111.82,109.82,110.82
2020-03-24 00:00:00,Thuesday,111.63,109.63,110.63
2020-03-25 00:00:00,Wednesday,112.16,110.16,111.16
2020-03-26 00:00:00,Thursday,111.77,109.77,110.77
2020-03-27 00:00:00,Friday,109.95,107.95,108.95
2020-03-28 00:00:00,Saturday,,,
2020-03-29 00:00:00,Sunday,,,
2020-03-30 00:00:00,Monday,108.68,106.68,107.68
2020-03-31 00:00:00,Thuesday,109.83,107.83,108.83
2020-04-01 00:00:00,Wednesday,108.59,106.59,107.59
2020-04-02 00:00:00,Thursday,108.5,106.5,107.5
2020-04-03 00:00:00,Friday,109.11,107.11,108.11
2020-04-04 00:00:00,Saturday,,,
2020-04-05 00:00:00,Sunday,,,
2020-04-06 00:00:00,Monday,109.96,107.96,108.96
2020-04-07 00:00:00,Thuesday,110.1,108.1,109.1
2020-04-08 00:00:00,Wednesday,109.67,107.67,108.67
2020-04-09 00:00:00,Thursday,110.07,108.07,109.07
2020-04-10 00:00:00,Friday,109.61,107.61,108.61
2020-04-11 00:00:00,Saturday,,,
2020-04-12 00:00:00,Sunday,,,
2020-04-13 00:00:00,Monday,109.23,107.23,108.23
2020-04-14 00:00:00,Thuesday,108.63,106.63,107.63
2020-04-15 00:00:00,Wednesday,108.18,106.18,107.18
2020-04-16 00:00:00,Thursday,108.7,106.7,107.7
2020-04-17 00:00:00,Friday,108.94,106.94,107.94
2020-04-18 00:00:00,Saturday,,,
2020-04-19 00:00:00,Sunday,,,
2020-04-20 00:00:00,Monday,108.89,106.89,107.89
2020-04-21 00:00:00,Thuesday,108.81,106.81,107.81
2020-04-22 00:00:00,Wednesday,108.86,106.86,107.86
2020-04-23 00:00:00,Thursday,108.83,106.83,107.83
2020-04-24 00:00:00,Friday,108.73,106.73,107.73
2020-04-25 00:00:00,Saturday,,,
2020-04-26 00:00:00,Sunday,,,
2020-04-27 00:00:00,Monday,108.6,106.6,107.6
2020-04-28 00:00:00,Thuesday,108.3,106.3,107.3
2020-04-29 00:00:00,Wednesday,,,
2020-04-30 00:00:00,Thursday,107.87,105.87,106.87
2020-05-01 00:00:00,Friday,108.28,106.28,107.28
2020-05-02 00:00:00,Saturday,,,
2020-05-03 00:00:00,Sunday,,,
2020-05-04 00:00:00,Monday,,,
2020-05-05 00:00:00,Thuesday,,,
2020-05-06 00:00:00,Wednesday,,,
2020-05-07 00:00:00,Thursday,107.27,105.27,106.27
2020-05-08 00:00:00,Friday,107.36,105.36,106.36
2020-05-09 00:00:00,Saturday,,,
2020-05-10 00:00:00,Sunday,,,
2020-05-11 00:00:00,Monday,107.95,105.95,106.95
2020-05-12 00:00:00,Thuesday,108.52,106.52,107.52
2020-05-13 00:00:00,Wednesday,108.15,106.15,107.15
2020-05-14 00:00:00,Thursday,107.89,105.89,106.89
2020-05-15 00:00:00,Friday,108.43,106.43,107.43
2020-05-16 00:00:00,Saturday,,,
2020-05-17 00:00:00,Sunday,,,
2020-05-18 00:00:00,Monday,108.19,106.19,107.19
2020-05-19 00:00:00,Thuesday,108.35,106.35,107.35
2020-05-20 00:00:00,Wednesday,108.98,106.98,107.98
2020-05-21 00:00:00,Thursday,108.75,106.75,107.75
2020-05-22 00:00:00,Friday,108.75,106.75,107.75
2020-05-23 00:00:00,Saturday,,,
2020-05-24 00:00:00,Sunday,,,
2020-05-25 00:00:00,Monday,108.65,106.65,107.65
2020-05-26 00:00:00,Thuesday,108.77,106.77,107.77
2020-05-27 00:00:00,Wednesday,108.51,106.51,107.51
2020-05-28 00:00:00,Thursday,108.92,106.92,107.92
2020-05-29 00:00:00,Friday,108.53,106.53,107.53
2020-05-30 00:00:00,Saturday,,,
2020-05-31 00:00:00,Sunday,,,
2020-06-01 00:00:00,Monday,108.74,106.74,107.74
2020-06-02 00:00:00,Thuesday,108.58,106.58,107.58
2020-06-03 00:00:00,Wednesday,109.72,107.72,108.72
2020-06-04 00:00:00,Thursday,109.88,107.88,108.88
2020-06-05 00:00:00,Friday,110.09,108.09,109.09
2020-06-06 00:00:00,Saturday,,,
2020-06-07 00:00:00,Sunday,,,
2020-06-08 00:00:00,Monday,110.48,108.48,109.48
2020-06-09 00:00:00,Thuesday,109.08,107.08,108.08
2020-06-10 00:00:00,Wednesday,108.79,106.79,107.79
2020-06-11 00:00:00,Thursday,108.01,106.01,107.01
2020-06-12 00:00:00,Friday,107.69,105.69,106.69
2020-06-13 00:00:00,Saturday,,,
2020-06-14 00:00:00,Sunday,,,
2020-06-15 00:00:00,Monday,108.24,106.24,107.24
2020-06-16 00:00:00,Thuesday,108.32,106.32,107.32
2020-06-17 00:00:00,Wednesday,108.35,106.35,107.35
2020-06-18 00:00:00,Thursday,107.78,105.78,106.78
2020-06-19 00:00:00,Friday,107.95,105.95,106.95
2020-06-20 00:00:00,Saturday,,,
2020-06-21 00:00:00,Sunday,,,
2020-06-22 00:00:00,Monday,107.77,105.77,106.77
2020-06-23 00:00:00,Thuesday,107.96,105.96,106.96
2020-06-24 00:00:00,Wednesday,107.52,105.52,106.52
2020-06-25 00:00:00,Thursday,108.06,106.06,107.06
2020-06-26 00:00:00,Friday,108.12,106.12,107.12
2020-06-27 00:00:00,Saturday,,,
2020-06-28 00:00:00,Sunday,,,
2020-06-29 00:00:00,Monday,108.24,106.24,107.24
2020-06-30 00:00:00,Thuesday,108.74,106.74,107.74
2020-07-01 00:00:00,Wednesday,109.12,107.12,108.12
2020-07-02 00:00:00,Thursday,108.49,106.49,107.49
2020-07-03 00:00:00,Friday,108.54,106.54,107.54
2020-07-04 00:00:00,Saturday,,,
2020-07-05 00:00:00,Sunday,,,
2020-07-06 00:00:00,Monday,108.65,106.65,107.65
2020-07-07 00:00:00,Thuesday,108.3,106.3,107.3
2020-07-08 00:00:00,Wednesday,108.69,106.69,107.69
2020-07-09 00:00:00,Thursday,108.31,106.31,107.31
2020-07-10 00:00:00,Friday,108.13,106.13,107.13
2020-07-11 00:00:00,Saturday,,,
2020-07-12 00:00:00,Sunday,,,
2020-07-13 00:00:00,Monday,107.84,105.84,106.84
2020-07-14 00:00:00,Thuesday,108.27,106.27,107.27
2020-07-15 00:00:00,Wednesday,108.3,106.3,107.3
2020-07-16 00:00:00,Thursday,107.99,105.99,106.99
2020-07-17 00:00:00,Friday,108.28,106.28,107.28
2020-07-18 00:00:00,Saturday,,,
2020-07-19 00:00:00,Sunday,,,
2020-07-20 00:00:00,Monday,108.52,106.52,107.52
2020-07-21 00:00:00,Thuesday,108.25,106.25,107.25
2020-07-22 00:00:00,Wednesday,107.89,105.89,106.89
2020-07-23 00:00:00,Thursday,,,
2020-07-24 00:00:00,Friday,,,
2020-07-25 00:00:00,Saturday,,,
2020-07-26 00:00:00,Sunday,,,
2020-07-27 00:00:00,Monday,106.82,104.82,105.82
2020-07-28 00:00:00,Thuesday,106.34,104.34,105.34
2020-07-29 00:00:00,Wednesday,106.14,104.14,105.14
2020-07-30 00:00:00,Thursday,106.09,104.09,105.09
2020-07-31 00:00:00,Friday,105.6,103.6,104.6
2020-08-01 00:00:00,Saturday,,,
2020-08-02 00:00:00,Sunday,,,
2020-08-03 00:00:00,Monday,107.13,105.13,106.13
2020-08-04 00:00:00,Thuesday,107.13,105.13,106.13
2020-08-05 00:00:00,Wednesday,106.61,104.61,105.61
2020-08-06 00:00:00,Thursday,106.51,104.51,105.51
2020-08-07 00:00:00,Friday,106.59,104.59,105.59
2020-08-08 00:00:00,Saturday,,,
2020-08-09 00:00:00,Sunday,,,
2020-08-10 00:00:00,Monday,,,
2020-08-11 00:00:00,Thuesday,107.17,105.17,106.17
2020-08-12 00:00:00,Wednesday,107.57,105.57,106.57
2020-08-13 00:00:00,Thursday,107.71,105.71,106.71
2020-08-14 00:00:00,Friday,107.98,105.98,106.98
2020-08-15 00:00:00,Saturday,,,
2020-08-16 00:00:00,Sunday,,,
2020-08-17 00:00:00,Monday,107.55,105.55,106.55
2020-08-18 00:00:00,Thuesday,106.82,104.82,105.82
2020-08-19 00:00:00,Wednesday,106.19,104.19,105.19
2020-08-20 00:00:00,Thursday,107.09,105.09,106.09
2020-08-21 00:00:00,Friday,106.7,104.7,105.7
2020-08-22 00:00:00,Saturday,,,
2020-08-23 00:00:00,Sunday,,,
2020-08-24 00:00:00,Monday,106.8,104.8,105.8
2020-08-25 00:00:00,Thuesday,107.01,105.01,106.01
2020-08-26 00:00:00,Wednesday,107.46,105.46,106.46
2020-08-27 00:00:00,Thursday,106.93,104.93,105.93
2020-08-28 00:00:00,Friday,107.66,105.66,106.66
2020-08-29 00:00:00,Saturday,,,
2020-08-30 00:00:00,Sunday,,,
2020-08-31 00:00:00,Monday,106.36,104.36,105.36
2020-09-01 00:00:00,Thuesday,106.89,104.89,105.89
2020-09-02 00:00:00,Wednesday,107.02,105.02,106.02
2020-09-03 00:00:00,Thursday,107.24,105.24,106.24
2020-09-04 00:00:00,Friday,107.16,105.16,106.16
2020-09-05 00:00:00,Saturday,,,
2020-09-06 00:00:00,Sunday,,,
2020-09-07 00:00:00,Monday,107.36,105.36,106.36
2020-09-08 00:00:00,Thuesday,107.31,105.31,106.31
2020-09-09 00:00:00,Wednesday,106.99,104.99,105.99
2020-09-10 00:00:00,Thursday,107.22,105.22,106.22
2020-09-11 00:00:00,Friday,107.16,105.16,106.16
2020-09-12 00:00:00,Saturday,,,
2020-09-13 00:00:00,Sunday,,,
2020-09-14 00:00:00,Monday,107.18,105.18,106.18
2020-09-15 00:00:00,Thuesday,106.74,104.74,105.74
2020-09-16 00:00:00,Wednesday,106.38,104.38,105.38
2020-09-17 00:00:00,Thursday,106.07,104.07,105.07
2020-09-18 00:00:00,Friday,105.84,103.84,104.84
2020-09-19 00:00:00,Saturday,,,
2020-09-20 00:00:00,Sunday,,,
2020-09-21 00:00:00,Monday,,,
2020-09-22 00:00:00,Thuesday,,,
2020-09-23 00:00:00,Wednesday,106.14,104.14,105.14
2020-09-24 00:00:00,Thursday,106.45,104.45,105.45
2020-09-25 00:00:00,Friday,106.56,104.56,105.56
2020-09-26 00:00:00,Saturday,,,
2020-09-27 00:00:00,Sunday,,,
2020-09-28 00:00:00,Monday,106.37,104.37,105.37
2020-09-29 00:00:00,Thuesday,106.35,104.35,105.35
2020-09-30 00:00:00,Wednesday,106.8,104.8,105.8
2020-10-01 00:00:00,Thursday,106.55,104.55,105.55
2020-10-02 00:00:00,Friday,106.56,104.56,105.56
2020-10-03 00:00:00,Saturday,,,
2020-10-04 00:00:00,Sunday,,,
2020-10-05 00:00:00,Monday,106.59,104.59,105.59
2020-10-06 00:00:00,Thuesday,106.66,104.66,105.66
2020-10-07 00:00:00,Wednesday,106.68,104.68,105.68
2020-10-08 00:00:00,Thursday,107.07,105.07,106.07
2020-10-09 00:00:00,Friday,106.98,104.98,105.98
2020-10-10 00:00:00,Saturday,,,
2020-10-11 00:00:00,Sunday,,,
2020-10-12 00:00:00,Monday,106.66,104.66,105.66
2020-10-13 00:00:00,Thuesday,106.36,104.36,105.36
2020-10-14 00:00:00,Wednesday,106.43,104.43,105.43
2020-10-15 00:00:00,Thursday,106.26,104.26,105.26
2020-10-16 00:00:00,Friday,106.36,104.36,105.36
2020-10-17 00:00:00,Saturday,,,
2020-10-18 00:00:00,Sunday,,,
2020-10-19 00:00:00,Monday,106.4,104.4,105.4
2020-10-20 00:00:00,Thuesday,106.59,104.59,105.59
2020-10-21 00:00:00,Wednesday,106.41,104.41,105.41
2020-10-22 00:00:00,Thursday,105.64,103.64,104.64
2020-10-23 00:00:00,Friday,105.7,103.7,104.7
2020-10-24 00:00:00,Saturday,,,
2020-10-25 00:00:00,Sunday,,,
2020-10-26 00:00:00,Monday,105.7,103.7,104.7
2020-10-27 00:00:00,Thuesday,105.81,103.81,104.81
2020-10-28 00:00:00,Wednesday,105.45,103.45,104.45
2020-10-29 00:00:00,Thursday,105.4,103.4,104.4
2020-10-30 00:00:00,Friday,105.6,103.6,104.6
2020-10-31 00:00:00,Saturday,,,
2020-11-01 00:00:00,Sunday,,,
2020-11-02 00:00:00,Monday,105.76,103.76,104.76
2020-11-03 00:00:00,Thuesday,,,
2020-11-04 00:00:00,Wednesday,105.55,103.55,104.55
2020-11-05 00:00:00,Thursday,105.29,103.29,104.29
2020-11-06 00:00:00,Friday,104.7,102.7,103.7
2020-11-07 00:00:00,Saturday,,,
2020-11-08 00:00:00,Sunday,,,
2020-11-09 00:00:00,Monday,104.35,102.35,103.35
2020-11-10 00:00:00,Thuesday,106.21,104.21,105.21
2020-11-11 00:00:00,Wednesday,106.15,104.15,105.15
2020-11-12 00:00:00,Thursday,106.42,104.42,105.42
2020-11-13 00:00:00,Friday,105.99,103.99,104.99
2020-11-14 00:00:00,Saturday,,,
2020-11-15 00:00:00,Sunday,,,
2020-11-16 00:00:00,Monday,105.69,103.69,104.69
2020-11-17 00:00:00,Thuesday,105.48,103.48,104.48
2020-11-18 00:00:00,Wednesday,105.09,103.09,104.09
2020-11-19 00:00:00,Thursday,104.87,102.87,103.87
2020-11-20 00:00:00,Friday,104.88,102.88,103.88
2020-11-21 00:00:00,Saturday,,,
2020-11-22 00:00:00,Sunday,,,
2020-11-23 00:00:00,Monday,,,
2020-11-24 00:00:00,Thuesday,105.58,103.58,104.58
2020-11-25 00:00:00,Wednesday,105.49,103.49,104.49
2020-11-26 00:00:00,Thursday,105.34,103.34,104.34
2020-11-27 00:00:00,Friday,105.15,103.15,104.15
2020-11-28 00:00:00,Saturday,,,
2020-11-29 00:00:00,Sunday,,,
2020-11-30 00:00:00,Monday,104.89,102.89,103.89
2020-12-01 00:00:00,Thuesday,105.26,103.26,104.26
2020-12-02 00:00:00,Wednesday,105.35,103.35,104.35
2020-12-03 00:00:00,Thursday,105.49,103.49,104.49
2020-12-04 00:00:00,Friday,104.83,102.83,103.83
2020-12-05 00:00:00,Saturday,,,
2020-12-06 00:00:00,Sunday,,,
2020-12-07 00:00:00,Monday,105.08,103.08,104.08
2020-12-08 00:00:00,Thuesday,105.09,103.09,104.09
2020-12-09 00:00:00,Wednesday,105.16,103.16,104.16
2020-12-10 00:00:00,Thursday,105.28,103.28,104.28
2020-12-11 00:00:00,Friday,105.01,103.01,104.01
2020-12-12 00:00:00,Saturday,,,
2020-12-13 00:00:00,Sunday,,,
2020-12-14 00:00:00,Monday,105.04,103.04,104.04
2020-12-15 00:00:00,Thuesday,105.12,103.12,104.12
2020-12-16 00:00:00,Wednesday,104.73,102.73,103.73
2020-12-17 00:00:00,Thursday,104.44,102.44,103.44
2020-12-18 00:00:00,Friday,104.26,102.26,103.26
2020-12-19 00:00:00,Saturday,,,
2020-12-20 00:00:00,Sunday,,,
2020-12-21 00:00:00,Monday,104.4,102.4,103.4
2020-12-22 00:00:00,Thuesday,104.34,102.34,103.34
2020-12-23 00:00:00,Wednesday,104.65,102.65,103.65
2020-12-24 00:00:00,Thursday,104.63,102.63,103.63
2020-12-25 00:00:00,Friday,104.48,102.48,103.48
2020-12-26 00:00:00,Saturday,,,
2020-12-27 00:00:00,Sunday,,,
2020-12-28 00:00:00,Monday,104.62,102.62,103.62
2020-12-29 00:00:00,Thuesday,104.82,102.82,103.82
2020-12-30 00:00:00,Wednesday,104.5,102.5,103.5
2020-12-31 00:00:00,Thursday,,,
2021-01-01 00:00:00,Friday,,,
2021-01-02 00:00:00,Saturday,,,
2021-01-03 00:00:00,Sunday,,,
2021-01-04 00:00:00,Monday,104.08,102.08,103.08
2021-01-05 00:00:00,Thuesday,104.15,102.15,103.15
2021-01-06 00:00:00,Wednesday,103.68,101.68,102.68
2021-01-07 00:00:00,Thursday,103.99,101.99,102.99
2021-01-08 00:00:00,Friday,104.85,102.85,103.85
2021-01-09 00:00:00,Saturday,,,
2021-01-10 00:00:00,Sunday,,,
2021-01-11 00:00:00,Monday,,,
2021-01-12 00:00:00,Thuesday,105.23,103.23,104.23
2021-01-13 00:00:00,Wednesday,104.68,102.68,103.68
2021-01-14 00:00:00,Thursday,104.95,102.95,103.95
2021-01-15 00:00:00,Friday,104.84,102.84,103.84
2021-01-16 00:00:00,Saturday,,,
2021-01-17 00:00:00,Sunday,,,
2021-01-18 00:00:00,Monday,104.83,102.83,103.83
2021-01-19 00:00:00,Thuesday,104.74,102.74,103.74
2021-01-20 00:00:00,Wednesday,104.93,102.93,103.93
2021-01-21 00:00:00,Thursday,104.61,102.61,103.61
2021-01-22 00:00:00,Friday,104.53,102.53,103.53
2021-01-23 00:00:00,Saturday,,,
2021-01-24 00:00:00,Sunday,,,
2021-01-25 00:00:00,Monday,104.84,102.84,103.84
2021-01-26 00:00:00,Thuesday,104.77,102.77,103.77
2021-01-27 00:00:00,Wednesday,104.68,102.68,103.68
2021-01-28 00:00:00,Thursday,105.27,103.27,104.27
2021-01-29 00:00:00,Friday,105.48,103.48,104.48
2021-01-30 00:00:00,Saturday,,,
2021-01-31 00:00:00,Sunday,,,
2021-02-01 00:00:00,Monday,105.69,103.69,104.69
2021-02-02 00:00:00,Thuesday,105.89,103.89,104.89
2021-02-03 00:00:00,Wednesday,106.01,104.01,105.01
2021-02-04 00:00:00,Thursday,106.02,104.02,105.02
2021-02-05 00:00:00,Friday,106.54,104.54,105.54
2021-02-06 00:00:00,Saturday,,,
2021-02-07 00:00:00,Sunday,,,
2021-02-08 00:00:00,Monday,106.54,104.54,105.54
2021-02-09 00:00:00,Thuesday,106.18,104.18,105.18
2021-02-10 00:00:00,Wednesday,105.62,103.62,104.62
2021-02-11 00:00:00,Thursday,,,
2021-02-12 00:00:00,Friday,105.74,103.74,104.74
2021-02-13 00:00:00,Saturday,,,
2021-02-14 00:00:00,Sunday,,,
2021-02-15 00:00:00,Monday,106.12,104.12,105.12
2021-02-16 00:00:00,Thuesday,106.49,104.49,105.49
2021-02-17 00:00:00,Wednesday,107.17,105.17,106.17
2021-02-18 00:00:00,Thursday,106.74,104.74,105.74
2021-02-19 00:00:00,Friday,106.72,104.72,105.72
2021-02-20 00:00:00,Saturday,,,
2021-02-21 00:00:00,Sunday,,,
2021-02-22 00:00:00,Monday,106.5,104.5,105.5
2021-02-23 00:00:00,Thuesday,,,
2021-02-24 00:00:00,Wednesday,106.41,104.41,105.41
2021-02-25 00:00:00,Thursday,107.06,105.06,106.06
2021-02-26 00:00:00,Friday,107.25,105.25,106.25
2021-02-27 00:00:00,Saturday,,,
2021-02-28 00:00:00,Sunday,,,
2021-03-01 00:00:00,Monday,107.49,105.49,106.49
2021-03-02 00:00:00,Thuesday,107.87,105.87,106.87
2021-03-03 00:00:00,Wednesday,107.78,105.78,106.78
2021-03-04 00:00:00,Thursday,107.99,105.99,106.99
2021-03-05 00:00:00,Friday,108.9,106.9,107.9
2021-03-06 00:00:00,Saturday,,,
2021-03-07 00:00:00,Sunday,,,
2021-03-08 00:00:00,Monday,109.37,107.37,108.37
2021-03-09 00:00:00,Thuesday,110.13,108.13,109.13
2021-03-10 00:00:00,Wednesday,109.57,107.57,108.57
2021-03-11 00:00:00,Thursday,109.52,107.52,108.52
2021-03-12 00:00:00,Friday,109.61,107.61,108.61
2021-03-13 00:00:00,Saturday,,,
2021-03-14 00:00:00,Sunday,,,
2021-03-15 00:00:00,Monday,110.06,108.06,109.06
2021-03-16 00:00:00,Thuesday,110.25,108.25,109.25
2021-03-17 00:00:00,Wednesday,110.14,108.14,109.14
2021-03-18 00:00:00,Thursday,109.97,107.97,108.97
2021-03-19 00:00:00,Friday,110.1,108.1,109.1
2021-03-20 00:00:00,Saturday,,,
2021-03-21 00:00:00,Sunday,,,
2021-03-22 00:00:00,Monday,109.91,107.91,108.91
2021-03-23 00:00:00,Thuesday,109.86,107.86,108.86
2021-03-24 00:00:00,Wednesday,109.64,107.64,108.64
2021-03-25 00:00:00,Thursday,109.88,107.88,108.88
2021-03-26 00:00:00,Friday,110.31,108.31,109.31
2021-03-27 00:00:00,Saturday,,,
2021-03-28 00:00:00,Sunday,,,
2021-03-29 00:00:00,Monday,110.63,108.63,109.63
2021-03-30 00:00:00,Thuesday,110.86,108.86,109.86
2021-03-31 00:00:00,Wednesday,111.71,109.71,110.71
2021-04-01 00:00:00,Thursday,111.84,109.84,110.84
2021-04-02 00:00:00,Friday,111.66,109.66,110.66
2021-04-03 00:00:00,Saturday,,,
2021-04-04 00:00:00,Sunday,,,
2021-04-05 00:00:00,Monday,111.64,109.64,110.64
2021-04-06 00:00:00,Thuesday,111.29,109.29,110.29
2021-04-07 00:00:00,Wednesday,110.82,108.82,109.82
2021-04-08 00:00:00,Thursday,110.83,108.83,109.83
2021-04-09 00:00:00,Friday,110.31,108.31,109.31
2021-04-10 00:00:00,Saturday,,,
2021-04-11 00:00:00,Sunday,,,
2021-04-12 00:00:00,Monday,110.75,108.75,109.75
2021-04-13 00:00:00,Thuesday,110.58,108.58,109.58
2021-04-14 00:00:00,Wednesday,109.85,107.85,108.85
2021-04-15 00:00:00,Thursday,109.91,107.91,108.91
2021-04-16 00:00:00,Friday,109.72,107.72,108.72
2021-04-17 00:00:00,Saturday,,,
2021-04-18 00:00:00,Sunday,,,
2021-04-19 00:00:00,Monday,109.66,107.66,108.66
2021-04-20 00:00:00,Thuesday,109.2,107.2,108.2
2021-04-21 00:00:00,Wednesday,109.08,107.08,108.08
2021-04-22 00:00:00,Thursday,109.05,107.05,108.05
2021-04-23 00:00:00,Friday,108.94,106.94,107.94
2021-04-24 00:00:00,Saturday,,,
2021-04-25 00:00:00,Sunday,,,
2021-04-26 00:00:00,Monday,108.89,106.89,107.89
2021-04-27 00:00:00,Thuesday,109.16,107.16,108.16
2021-04-28 00:00:00,Wednesday,109.93,107.93,108.93
2021-04-29 00:00:00,Thursday,,,
2021-04-30 00:00:00,Friday,109.93,107.93,108.93
2021-05-01 00:00:00,Saturday,,,
2021-05-02 00:00:00,Sunday,,,
2021-05-03 00:00:00,Monday,,,
2021-05-04 00:00:00,Thuesday,,,
2021-05-05 00:00:00,Wednesday,,,
2021-05-06 00:00:00,Thursday,110.33,108.33,109.33
2021-05-07 00:00:00,Friday,110.15,108.15,109.15
2021-05-08 00:00:00,Saturday,,,
2021-05-09 00:00:00,Sunday,,,
2021-05-10 00:00:00,Monday,109.77,107.77,108.77
2021-05-11 00:00:00,Thuesday,109.99,107.99,108.99
2021-05-12 00:00:00,Wednesday,109.8,107.8,108.8
2021-05-13 00:00:00,Thursday,110.63,108.63,109.63
2021-05-14 00:00:00,Friday,110.63,108.63,109.63
2021-05-15 00:00:00,Saturday,,,
2021-05-16 00:00:00,Sunday,,,
2021-05-17 00:00:00,Monday,110.45,108.45,109.45
2021-05-18 00:00:00,Thuesday,110.22,108.22,109.22
2021-05-19 00:00:00,Wednesday,110.0,108.0,109.0
2021-05-20 00:00:00,Thursday,110.25,108.25,109.25
2021-05-21 00:00:00,Friday,109.9,107.9,108.9
2021-05-22 00:00:00,Saturday,,,
2021-05-23 00:00:00,Sunday,,,
2021-05-24 00:00:00,Monday,109.98,107.98,108.98
2021-05-25 00:00:00,Thuesday,109.85,107.85,108.85
2021-05-26 00:00:00,Wednesday,109.75,107.75,108.75
2021-05-27 00:00:00,Thursday,110.16,108.16,109.16
2021-05-28 00:00:00,Friday,110.97,108.97,109.97
2021-05-29 00:00:00,Saturday,,,
2021-05-30 00:00:00,Sunday,,,
2021-05-31 00:00:00,Monday,110.76,108.76,109.76
2021-06-01 00:00:00,Thuesday,110.41,108.41,109.41
2021-06-02 00:00:00,Wednesday,110.65,108.65,109.65
2021-06-03 00:00:00,Thursday,110.59,108.59,109.59
2021-06-04 00:00:00,Friday,111.28,109.28,110.28
2021-06-05 00:00:00,Saturday,,,
2021-06-06 00:00:00,Sunday,,,
2021-06-07 00:00:00,Monday,110.57,108.57,109.57
2021-06-08 00:00:00,Thuesday,110.45,108.45,109.45
2021-06-09 00:00:00,Wednesday,110.46,108.46,109.46
2021-06-10 00:00:00,Thursday,110.65,108.65,109.65
2021-06-11 00:00:00,Friday,110.46,108.46,109.46
2021-06-12 00:00:00,Saturday,,,
2021-06-13 00:00:00,Sunday,,,
2021-06-14 00:00:00,Monday,110.81,108.81,109.81
2021-06-15 00:00:00,Thuesday,111.11,109.11,110.11
2021-06-16 00:00:00,Wednesday,111.16,109.16,110.16
2021-06-17 00:00:00,Thursday,111.79,109.79,110.79
2021-06-18 00:00:00,Friday,111.33,109.33,110.33
2021-06-19 00:00:00,Saturday,,,
2021-06-20 00:00:00,Sunday,,,
2021-06-21 00:00:00,Monday,111.25,109.25,110.25
2021-06-22 00:00:00,Thuesday,111.28,109.28,110.28
2021-06-23 00:00:00,Wednesday,111.74,109.74,110.74
2021-06-24 00:00:00,Thursday,112.06,110.06,111.06
2021-06-25 00:00:00,Friday,111.99,109.99,110.99
2021-06-26 00:00:00,Saturday,,,
2021-06-27 00:00:00,Sunday,,,
2021-06-28 00:00:00,Monday,111.69,109.69,110.69
2021-06-29 00:00:00,Thuesday,111.52,109.52,110.52
2021-06-30 00:00:00,Wednesday,111.58,109.58,110.58
2021-07-01 00:00:00,Thursday,112.08,110.08,111.08
2021-07-02 00:00:00,Friday,112.66,110.66,111.66
2021-07-03 00:00:00,Saturday,,,
2021-07-04 00:00:00,Sunday,,,
2021-07-05 00:00:00,Monday,112.16,110.16,111.16
2021-07-06 00:00:00,Thuesday,111.87,109.87,110.87
2021-07-07 00:00:00,Wednesday,111.46,109.46,110.46
2021-07-08 00:00:00,Thursday,111.58,109.58,110.58
2021-07-09 00:00:00,Friday,110.92,108.92,109.92
2021-07-10 00:00:00,Saturday,,,
2021-07-11 00:00:00,Sunday,,,
2021-07-12 00:00:00,Monday,111.17,109.17,110.17
2021-07-13 00:00:00,Thuesday,111.4,109.4,110.4
2021-07-14 00:00:00,Wednesday,111.67,109.67,110.67
2021-07-15 00:00:00,Thursday,110.93,108.93,109.93
2021-07-16 00:00:00,Friday,110.91,108.91,109.91
2021-07-17 00:00:00,Saturday,,,
2021-07-18 00:00:00,Sunday,,,
2021-07-19 00:00:00,Monday,110.88,108.88,109.88
2021-07-20 00:00:00,Thuesday,110.57,108.57,109.57
2021-07-21 00:00:00,Wednesday,110.98,108.98,109.98
2021-07-22 00:00:00,Thursday,,,
2021-07-23 00:00:00,Friday,,,
2021-07-24 00:00:00,Saturday,,,
2021-07-25 00:00:00,Sunday,,,
2021-07-26 00:00:00,Monday,111.54,109.54,110.54
2021-07-27 00:00:00,Thuesday,111.25,109.25,110.25
2021-07-28 00:00:00,Wednesday,110.86,108.86,109.86
2021-07-29 00:00:00,Thursday,110.73,108.73,109.73
2021-07-30 00:00:00,Friday,110.49,108.49,109.49
2021-07-31 00:00:00,Saturday,,,
2021-08-01 00:00:00,Sunday,,,
2021-08-02 00:00:00,Monday,110.65,108.65,109.65
2021-08-03 00:00:00,Thuesday,110.33,108.33,109.33
2021-08-04 00:00:00,Wednesday,110.07,108.07,109.07
2021-08-05 00:00:00,Thursday,110.66,108.66,109.66
2021-08-06 00:00:00,Friday,110.89,108.89,109.89
2021-08-07 00:00:00,Saturday,,,
2021-08-08 00:00:00,Sunday,,,
2021-08-09 00:00:00,Monday,,,
2021-08-10 00:00:00,Thuesday,111.36,109.36,110.36
2021-08-11 00:00:00,Wednesday,111.69,109.69,110.69
2021-08-12 00:00:00,Thursday,111.37,109.37,110.37
2021-08-13 00:00:00,Friday,111.46,109.46,110.46
2021-08-14 00:00:00,Saturday,,,
2021-08-15 00:00:00,Sunday,,,
2021-08-16 00:00:00,Monday,110.51,108.51,109.51
2021-08-17 00:00:00,Thuesday,110.23,108.23,109.23
2021-08-18 00:00:00,Wednesday,110.55,108.55,109.55
2021-08-19 00:00:00,Thursday,110.99,108.99,109.99
2021-08-20 00:00:00,Friday,110.89,108.89,109.89
2021-08-21 00:00:00,Saturday,,,
2021-08-22 00:00:00,Sunday,,,
2021-08-23 00:00:00,Monday,110.85,108.85,109.85
2021-08-24 00:00:00,Thuesday,110.77,108.77,109.77
2021-08-25 00:00:00,Wednesday,110.86,108.86,109.86
2021-08-26 00:00:00,Thursday,111.07,109.07,110.07
2021-08-27 00:00:00,Friday,111.0,109.0,110.0
2021-08-28 00:00:00,Saturday,,,
2021-08-29 00:00:00,Sunday,,,
2021-08-30 00:00:00,Monday,110.74,108.74,109.74
2021-08-31 00:00:00,Thuesday,110.9,108.9,109.9
2021-09-01 00:00:00,Wednesday,111.19,109.19,110.19
2021-09-02 00:00:00,Thursday,111.0,109.0,110.0
2021-09-03 00:00:00,Friday,110.94,108.94,109.94
2021-09-04 00:00:00,Saturday,,,
2021-09-05 00:00:00,Sunday,,,
2021-09-06 00:00:00,Monday,110.83,108.83,109.83
2021-09-07 00:00:00,Thuesday,110.78,108.78,109.78
2021-09-08 00:00:00,Wednesday,111.27,109.27,110.27
2021-09-09 00:00:00,Thursday,111.23,109.23,110.23
2021-09-10 00:00:00,Friday,110.78,108.78,109.78
2021-09-11 00:00:00,Saturday,,,
2021-09-12 00:00:00,Sunday,,,
2021-09-13 00:00:00,Monday,110.98,108.98,109.98
2021-09-14 00:00:00,Thuesday,111.05,109.05,110.05
2021-09-15 00:00:00,Wednesday,110.65,108.65,109.65
2021-09-16 00:00:00,Thursday,110.41,108.41,109.41
2021-09-17 00:00:00,Friday,110.81,108.81,109.81
2021-09-18 00:00:00,Saturday,,,
2021-09-19 00:00:00,Sunday,,,
2021-09-20 00:00:00,Monday,,,
2021-09-21 00:00:00,Thuesday,110.57,108.57,109.57
2021-09-22 00:00:00,Wednesday,110.22,108.22,109.22
2021-09-23 00:00:00,Thursday,,,
2021-09-24 00:00:00,Friday,111.41,109.41,110.41
2021-09-25 00:00:00,Saturday,,,
2021-09-26 00:00:00,Sunday,,,
2021-09-27 00:00:00,Monday,111.75,109.75,110.75
2021-09-28 00:00:00,Thuesday,112.04,110.04,111.04
2021-09-29 00:00:00,Wednesday,112.65,110.65,111.65
2021-09-30 00:00:00,Thursday,112.92,110.92,111.92
2021-10-01 00:00:00,Friday,112.43,110.43,111.43
2021-10-02 00:00:00,Saturday,,,
2021-10-03 00:00:00,Sunday,,,
2021-10-04 00:00:00,Monday,111.99,109.99,110.99
2021-10-05 00:00:00,Thuesday,111.91,109.91,110.91
2021-10-06 00:00:00,Wednesday,112.63,110.63,111.63
2021-10-07 00:00:00,Thursday,112.4,110.4,111.4
2021-10-08 00:00:00,Friday,112.73,110.73,111.73
2021-10-09 00:00:00,Saturday,,,
2021-10-10 00:00:00,Sunday,,,
2021-10-11 00:00:00,Monday,113.3,111.3,112.3
2021-10-12 00:00:00,Thuesday,114.5,112.5,113.5
2021-10-13 00:00:00,Wednesday,114.49,112.49,113.49
2021-10-14 00:00:00,Thursday,114.39,112.39,113.39
2021-10-15 00:00:00,Friday,114.89,112.89,113.89
2021-10-16 00:00:00,Saturday,,,
2021-10-17 00:00:00,Sunday,,,
2021-10-18 00:00:00,Monday,115.27,113.27,114.27
2021-10-19 00:00:00,Thuesday,115.2,113.2,114.2
2021-10-20 00:00:00,Wednesday,115.68,113.68,114.68
2021-10-21 00:00:00,Thursday,115.28,113.28,114.28
2021-10-22 00:00:00,Friday,115.03,113.03,114.03
2021-10-23 00:00:00,Saturday,,,
2021-10-24 00:00:00,Sunday,,,
2021-10-25 00:00:00,Monday,114.72,112.72,113.72
2021-10-26 00:00:00,Thuesday,114.83,112.83,113.83
2021-10-27 00:00:00,Wednesday,115.12,113.12,114.12
2021-10-28 00:00:00,Thursday,114.87,112.87,113.87
2021-10-29 00:00:00,Friday,114.67,112.67,113.67
2021-10-30 00:00:00,Saturday,,,
2021-10-31 00:00:00,Sunday,,,
2021-11-01 00:00:00,Monday,115.09,113.09,114.09
2021-11-02 00:00:00,Thuesday,115.11,113.11,114.11
2021-11-03 00:00:00,Wednesday,,,
2021-11-04 00:00:00,Thursday,115.14,113.14,114.14
2021-11-05 00:00:00,Friday,114.78,112.78,113.78
2021-11-06 00:00:00,Saturday,,,
2021-11-07 00:00:00,Sunday,,,
2021-11-08 00:00:00,Monday,114.62,112.62,113.62
2021-11-09 00:00:00,Thuesday,114.27,112.27,113.27
2021-11-10 00:00:00,Wednesday,113.86,111.86,112.86
2021-11-11 00:00:00,Thursday,114.96,112.96,113.96
2021-11-12 00:00:00,Friday,115.25,113.25,114.25
2021-11-13 00:00:00,Saturday,,,
2021-11-14 00:00:00,Sunday,,,
2021-11-15 00:00:00,Monday,115.0,113.0,114.0
2021-11-16 00:00:00,Thuesday,115.21,113.21,114.21
2021-11-17 00:00:00,Wednesday,115.87,113.87,114.87
2021-11-18 00:00:00,Thursday,115.18,113.18,114.18
2021-11-19 00:00:00,Friday,115.36,113.36,114.36
2021-11-20 00:00:00,Saturday,,,
2021-11-21 00:00:00,Sunday,,,
2021-11-22 00:00:00,Monday,115.1,113.1,114.1
2021-11-23 00:00:00,Thuesday,,,
2021-11-24 00:00:00,Wednesday,116.21,114.21,115.21
2021-11-25 00:00:00,Thursday,116.33,114.33,115.33
2021-11-26 00:00:00,Friday,115.93,113.93,114.93
2021-11-27 00:00:00,Saturday,,,
2021-11-28 00:00:00,Sunday,,,
2021-11-29 00:00:00,Monday,114.77,112.77,113.77
2021-11-30 00:00:00,Thuesday,114.77,112.77,113.77
2021-12-01 00:00:00,Wednesday,114.26,112.26,113.26
2021-12-02 00:00:00,Thursday,113.98,111.98,112.98
2021-12-03 00:00:00,Friday,114.1,112.1,113.1
2021-12-04 00:00:00,Saturday,,,
2021-12-05 00:00:00,Sunday,,,
2021-12-06 00:00:00,Monday,114.08,112.08,113.08
2021-12-07 00:00:00,Thuesday,114.5,112.5,113.5
2021-12-08 00:00:00,Wednesday,114.57,112.57,113.57
2021-12-09 00:00:00,Thursday,114.82,112.82,113.82
2021-12-10 00:00:00,Friday,114.47,112.47,113.47
2021-12-11 00:00:00,Saturday,,,
2021-12-12 00:00:00,Sunday,,,
2021-12-13 00:00:00,Monday,114.56,112.56,113.56
2021-12-14 00:00:00,Thuesday,114.68,112.68,113.68
2021-12-15 00:00:00,Wednesday,114.8,112.8,113.8
2021-12-16 00:00:00,Thursday,115.21,113.21,114.21
2021-12-17 00:00:00,Friday,114.87,112.87,113.87
2021-12-18 00:00:00,Saturday,,,
2021-12-19 00:00:00,Sunday,,,
2021-12-20 00:00:00,Monday,114.62,112.62,113.62
2021-12-21 00:00:00,Thuesday,114.67,112.67,113.67
2021-12-22 00:00:00,Wednesday,115.18,113.18,114.18
2021-12-23 00:00:00,Thursday,115.23,113.23,114.23
2021-12-24 00:00:00,Friday,115.5,113.5,114.5
2021-12-25 00:00:00,Saturday,,,
2021-12-26 00:00:00,Sunday,,,
2021-12-27 00:00:00,Monday,115.42,113.42,114.42
2021-12-28 00:00:00,Thuesday,115.95,113.95,114.95
2021-12-29 00:00:00,Wednesday,115.89,113.89,114.89
2021-12-30 00:00:00,Thursday,116.02,114.02,115.02
2021-12-31 00:00:00,Friday,,,
2022-01-01 00:00:00,Saturday,,,
2022-01-02 00:00:00,Sunday,,,
2022-01-03 00:00:00,Monday,,,
2022-01-04 00:00:00,Thuesday,116.44,114.44,115.44
2022-01-05 00:00:00,Wednesday,117.21,115.21,116.21
2022-01-06 00:00:00,Thursday,117.05,115.05,116.05
2022-01-07 00:00:00,Friday,116.98,114.98,115.98
2022-01-08 00:00:00,Saturday,,,
2022-01-09 00:00:00,Sunday,,,
2022-01-10 00:00:00,Monday,,,
2022-01-11 00:00:00,Thuesday,116.34,114.34,115.34
2022-01-12 00:00:00,Wednesday,116.34,114.34,115.34
2022-01-13 00:00:00,Thursday,115.65,113.65,114.65
2022-01-14 00:00:00,Friday,115.11,113.11,114.11
2022-01-15 00:00:00,Saturday,,,
2022-01-16 00:00:00,Sunday,,,
2022-01-17 00:00:00,Monday,115.34,113.34,114.34
2022-01-18 00:00:00,Thuesday,115.56,113.56,114.56
2022-01-19 00:00:00,Wednesday,115.72,113.72,114.72
2022-01-20 00:00:00,Thursday,115.31,113.31,114.31
2022-01-21 00:00:00,Friday,114.84,112.84,113.84
2022-01-22 00:00:00,Saturday,,,
2022-01-23 00:00:00,Sunday,,,
2022-01-24 00:00:00,Monday,114.86,112.86,113.86
2022-01-25 00:00:00,Thuesday,115.01,113.01,114.01
2022-01-26 00:00:00,Wednesday,114.84,112.84,113.84
2022-01-27 00:00:00,Thursday,115.64,113.64,114.64
2022-01-28 00:00:00,Friday,116.46,114.46,115.46
2022-01-29 00:00:00,Saturday,,,
2022-01-30 00:00:00,Sunday,,,
2022-01-31 00:00:00,Monday,116.44,114.44,115.44
2022-02-01 00:00:00,Thuesday,116.16,114.16,115.16
2022-02-02 00:00:00,Wednesday,115.71,113.71,114.71
2022-02-03 00:00:00,Thursday,115.46,113.46,114.46
2022-02-04 00:00:00,Friday,116.01,114.01,115.01
2022-02-05 00:00:00,Saturday,,,
2022-02-06 00:00:00,Sunday,,,
2022-02-07 00:00:00,Monday,116.26,114.26,115.26
2022-02-08 00:00:00,Thuesday,116.3,114.3,115.3
2022-02-09 00:00:00,Wednesday,116.56,114.56,115.56
2022-02-10 00:00:00,Thursday,116.61,114.61,115.61
2022-02-11 00:00:00,Friday,,,
2022-02-12 00:00:00,Saturday,,,
2022-02-13 00:00:00,Sunday,,,
2022-02-14 00:00:00,Monday,116.43,114.43,115.43
2022-02-15 00:00:00,Thuesday,116.42,114.42,115.42
2022-02-16 00:00:00,Wednesday,116.7,114.7,115.7
2022-02-17 00:00:00,Thursday,116.48,114.48,115.48
2022-02-18 00:00:00,Friday,115.95,113.95,114.95
2022-02-19 00:00:00,Saturday,,,
2022-02-20 00:00:00,Sunday,,,
2022-02-21 00:00:00,Monday,116.06,114.06,115.06
2022-02-22 00:00:00,Thuesday,115.79,113.79,114.79
2022-02-23 00:00:00,Wednesday,,,
2022-02-24 00:00:00,Thursday,115.95,113.95,114.95
2022-02-25 00:00:00,Friday,116.57,114.57,115.57
2022-02-26 00:00:00,Saturday,,,
2022-02-27 00:00:00,Sunday,,,
2022-02-28 00:00:00,Monday,116.55,114.55,115.55
2022-03-01 00:00:00,Thuesday,116.28,114.28,115.28
2022-03-02 00:00:00,Wednesday,116.01,114.01,115.01
2022-03-03 00:00:00,Thursday,116.63,114.63,115.63
2022-03-04 00:00:00,Friday,116.42,114.42,115.42
2022-03-05 00:00:00,Saturday,,,
2022-03-06 00:00:00,Sunday,,,
2022-03-07 00:00:00,Monday,116.02,114.02,115.02
2022-03-08 00:00:00,Thuesday,116.49,114.49,115.49
2022-03-09 00:00:00,Wednesday,116.89,114.89,115.89
2022-03-10 00:00:00,Thursday,117.01,115.01,116.01
2022-03-11 00:00:00,Friday,117.32,115.32,116.32
2022-03-12 00:00:00,Saturday,,,
2022-03-13 00:00:00,Sunday,,,
2022-03-14 00:00:00,Monday,118.61,116.61,117.61
2022-03-15 00:00:00,Thuesday,119.25,117.25,118.25
2022-03-16 00:00:00,Wednesday,119.4,117.4,118.4
2022-03-17 00:00:00,Thursday,119.99,117.99,118.99
2022-03-18 00:00:00,Friday,119.69,117.69,118.69
2022-03-19 00:00:00,Saturday,,,
2022-03-20 00:00:00,Sunday,,,
2022-03-21 00:00:00,Monday,,,
2022-03-22 00:00:00,Thuesday,121.04,119.04,120.04
2022-03-23 00:00:00,Wednesday,122.16,120.16,121.16
2022-03-24 00:00:00,Thursday,122.07,120.07,121.07
2022-03-25 00:00:00,Friday,123.07,121.07,122.07
2022-03-26 00:00:00,Saturday,,,
2022-03-27 00:00:00,Sunday,,,
2022-03-28 00:00:00,Monday,123.24,121.24,122.24
2022-03-29 00:00:00,Thuesday,125.22,123.22,124.22
2022-03-30 00:00:00,Wednesday,123.48,121.48,122.48
2022-03-31 00:00:00,Thursday,123.39,121.39,122.39
2022-04-01 00:00:00,Friday,123.2,121.2,122.2
2022-04-02 00:00:00,Saturday,,,
2022-04-03 00:00:00,Sunday,,,
2022-04-04 00:00:00,Monday,123.42,121.42,122.42
2022-04-05 00:00:00,Thuesday,123.56,121.56,122.56
2022-04-06 00:00:00,Wednesday,124.9,122.9,123.9
2022-04-07 00:00:00,Thursday,124.66,122.66,123.66
2022-04-08 00:00:00,Friday,124.79,122.79,123.79
2022-04-09 00:00:00,Saturday,,,
2022-04-10 00:00:00,Sunday,,,
2022-04-11 00:00:00,Monday,125.63,123.63,124.63
2022-04-12 00:00:00,Thuesday,126.56,124.56,125.56
2022-04-13 00:00:00,Wednesday,126.62,124.62,125.62
2022-04-14 00:00:00,Thursday,126.58,124.58,125.58
2022-04-15 00:00:00,Friday,127.37,125.37,126.37
2022-04-16 00:00:00,Saturday,,,
2022-04-17 00:00:00,Sunday,,,
2022-04-18 00:00:00,Monday,127.68,125.68,126.68
2022-04-19 00:00:00,Thuesday,128.36,126.36,127.36
2022-04-20 00:00:00,Wednesday,130.43,128.43,129.43
2022-04-21 00:00:00,Thursday,129.28,127.28,128.28
2022-04-22 00:00:00,Friday,129.65,127.65,128.65
2022-04-23 00:00:00,Saturday,,,
2022-04-24 00:00:00,Sunday,,,
2022-04-25 00:00:00,Monday,129.81,127.81,128.81
2022-04-26 00:00:00,Thuesday,128.6,126.6,127.6
2022-04-27 00:00:00,Wednesday,128.66,126.66,127.66
2022-04-28 00:00:00,Thursday,129.86,127.86,128.86
2022-04-29 00:00:00,Friday,,,
2022-04-30 00:00:00,Saturday,,,
2022-05-01 00:00:00,Sunday,,,
2022-05-02 00:00:00,Monday,131.1,129.1,130.1
2022-05-03 00:00:00,Thuesday,,,
2022-05-04 00:00:00,Wednesday,,,
2022-05-05 00:00:00,Thursday,,,
2022-05-06 00:00:00,Friday,131.52,129.52,130.52
2022-05-07 00:00:00,Saturday,,,
2022-05-08 00:00:00,Sunday,,,
2022-05-09 00:00:00,Monday,131.78,129.78,130.78
2022-05-10 00:00:00,Thuesday,131.03,129.03,130.03
2022-05-11 00:00:00,Wednesday,131.32,129.32,130.32
2022-05-12 00:00:00,Thursday,130.77,128.77,129.77
2022-05-13 00:00:00,Friday,129.9,127.9,128.9
2022-05-14 00:00:00,Saturday,,,
2022-05-15 00:00:00,Sunday,,,
2022-05-16 00:00:00,Monday,130.65,128.65,129.65
2022-05-17 00:00:00,Thuesday,130.29,128.29,129.29
2022-05-18 00:00:00,Wednesday,130.33,128.33,129.33
2022-05-19 00:00:00,Thursday,129.43,127.43,128.43
2022-05-20 00:00:00,Friday,128.85,126.85,127.85
2022-05-21 00:00:00,Saturday,,,
2022-05-22 00:00:00,Sunday,,,
2022-05-23 00:00:00,Monday,128.78,126.78,127.78
2022-05-24 00:00:00,Thuesday,128.87,126.87,127.87
2022-05-25 00:00:00,Wednesday,127.98,125.98,126.98
2022-05-26 00:00:00,Thursday,128.51,126.51,127.51
2022-05-27 00:00:00,Friday,128.03,126.03,127.03
2022-05-28 00:00:00,Saturday,,,
2022-05-29 00:00:00,Sunday,,,
2022-05-30 00:00:00,Monday,128.02,126.02,127.02
2022-05-31 00:00:00,Thuesday,129.21,127.21,128.21
2022-06-01 00:00:00,Wednesday,129.93,127.93,128.93
2022-06-02 00:00:00,Thursday,131.06,129.06,130.06
2022-06-03 00:00:00,Friday,130.83,128.83,129.83
2022-06-04 00:00:00,Saturday,,,
2022-06-05 00:00:00,Sunday,,,
2022-06-06 00:00:00,Monday,131.84,129.84,130.84
2022-06-07 00:00:00,Thuesday,133.24,131.24,132.24
2022-06-08 00:00:00,Wednesday,133.81,131.81,132.81
2022-06-09 00:00:00,Thursday,135.46,133.46,134.46
2022-06-10 00:00:00,Friday,135.22,133.22,134.22
2022-06-11 00:00:00,Saturday,,,
2022-06-12 00:00:00,Sunday,,,
2022-06-13 00:00:00,Monday,136.0,134.0,135.0
2022-06-14 00:00:00,Thuesday,135.13,133.13,134.13
2022-06-15 00:00:00,Wednesday,136.01,134.01,135.01
2022-06-16 00:00:00,Thursday,135.31,133.31,134.31
2022-06-17 00:00:00,Friday,134.23,132.23,133.23
2022-06-18 00:00:00,Saturday,,,
2022-06-19 00:00:00,Sunday,,,
2022-06-20 00:00:00,Monday,136.25,134.25,135.25
2022-06-21 00:00:00,Thuesday,136.21,134.21,135.21
2022-06-22 00:00:00,Wednesday,137.49,135.49,136.49
2022-06-23 00:00:00,Thursday,137.2,135.2,136.2
2022-06-24 00:00:00,Friday,136.22,134.22,135.22
2022-06-25 00:00:00,Saturday,,,
2022-06-26 00:00:00,Sunday,,,
2022-06-27 00:00:00,Monday,135.61,133.61,134.61
2022-06-28 00:00:00,Thuesday,136.48,134.48,135.48
2022-06-29 00:00:00,Wednesday,137.14,135.14,136.14
2022-06-30 00:00:00,Thursday,137.68,135.68,136.68
2022-07-01 00:00:00,Friday,136.99,134.99,135.99
2022-07-02 00:00:00,Saturday,,,
2022-07-03 00:00:00,Sunday,,,
2022-07-04 00:00:00,Monday,135.98,133.98,134.98
2022-07-05 00:00:00,Thuesday,137.14,135.14,136.14
2022-07-06 00:00:00,Wednesday,136.69,134.69,135.69
2022-07-07 00:00:00,Thursday,136.88,134.88,135.88
2022-07-08 00:00:00,Friday,137.06,135.06,136.06
2022-07-09 00:00:00,Saturday,,,
2022-07-10 00:00:00,Sunday,,,
2022-07-11 00:00:00,Monday,137.47,135.47,136.47
2022-07-12 00:00:00,Thuesday,138.24,136.24,137.24
2022-07-13 00:00:00,Wednesday,138.02,136.02,137.02
2022-07-14 00:00:00,Thursday,139.0,137.0,138.0
2022-07-15 00:00:00,Friday,139.94,137.94,138.94
2022-07-16 00:00:00,Saturday,,,
2022-07-17 00:00:00,Sunday,,,
2022-07-18 00:00:00,Monday,,,
2022-07-19 00:00:00,Thuesday,139.25,137.25,138.25
2022-07-20 00:00:00,Wednesday,139.17,137.17,138.17
2022-07-21 00:00:00,Thursday,139.51,137.51,138.51
2022-07-22 00:00:00,Friday,138.34,136.34,137.34
2022-07-23 00:00:00,Saturday,,,
2022-07-24 00:00:00,Sunday,,,
2022-07-25 00:00:00,Monday,137.63,135.63,136.63
2022-07-26 00:00:00,Thuesday,137.47,135.47,136.47
2022-07-27 00:00:00,Wednesday,138.01,136.01,137.01
2022-07-28 00:00:00,Thursday,137.3,135.3,136.3
2022-07-29 00:00:00,Friday,135.61,133.61,134.61
2022-07-30 00:00:00,Saturday,,,
2022-07-31 00:00:00,Sunday,,,
2022-08-01 00:00:00,Monday,133.91,131.91,132.91
2022-08-02 00:00:00,Thuesday,131.88,129.88,130.88
2022-08-03 00:00:00,Wednesday,134.74,132.74,133.74
2022-08-04 00:00:00,Thursday,134.66,132.66,133.66
2022-08-05 00:00:00,Friday,134.02,132.02,133.02
2022-08-06 00:00:00,Saturday,,,
2022-08-07 00:00:00,Sunday,,,
2022-08-08 00:00:00,Monday,136.34,134.34,135.34
2022-08-09 00:00:00,Thuesday,135.89,133.89,134.89
2022-08-10 00:00:00,Wednesday,136.25,134.25,135.25
2022-08-11 00:00:00,Thursday,,,
2022-08-12 00:00:00,Friday,134.29,132.29,133.29
2022-08-13 00:00:00,Saturday,,,
2022-08-14 00:00:00,Sunday,,,
2022-08-15 00:00:00,Monday,133.97,131.97,132.97
2022-08-16 00:00:00,Thuesday,134.18,132.18,133.18
2022-08-17 00:00:00,Wednesday,135.31,133.31,134.31
2022-08-18 00:00:00,Thursday,135.91,133.91,134.91
2022-08-19 00:00:00,Friday,137.31,135.31,136.31
2022-08-20 00:00:00,Saturday,,,
2022-08-21 00:00:00,Sunday,,,
2022-08-22 00:00:00,Monday,138.17,136.17,137.17
2022-08-23 00:00:00,Thuesday,138.3,136.3,137.3
2022-08-24 00:00:00,Wednesday,137.93,135.93,136.93
2022-08-25 00:00:00,Thursday,137.98,135.98,136.98
2022-08-26 00:00:00,Friday,137.76,135.76,136.76
2022-08-27 00:00:00,Saturday,,,
2022-08-28 00:00:00,Sunday,,,
2022-08-29 00:00:00,Monday,139.34,137.34,138.34
2022-08-30 00:00:00,Thuesday,139.57,137.57,138.57
2022-08-31 00:00:00,Wednesday,139.63,137.63,138.63
2022-09-01 00:00:00,Thursday,140.53,138.53,139.53
2022-09-02 00:00:00,Friday,141.09,139.09,140.09
2022-09-03 00:00:00,Saturday,,,
2022-09-04 00:00:00,Sunday,,,
2022-09-05 00:00:00,Monday,141.35,139.35,140.35
2022-09-06 00:00:00,Thuesday,141.27,139.27,140.27
2022-09-07 00:00:00,Wednesday,144.12,142.12,143.12
2022-09-08 00:00:00,Thursday,145.48,143.48,144.48
2022-09-09 00:00:00,Friday,144.81,142.81,143.81
2022-09-10 00:00:00,Saturday,,,
2022-09-11 00:00:00,Sunday,,,
2022-09-12 00:00:00,Monday,143.82,141.82,142.82
2022-09-13 00:00:00,Thuesday,143.54,141.54,142.54
2022-09-14 00:00:00,Wednesday,145.49,143.49,144.49
2022-09-15 00:00:00,Thursday,144.34,142.34,143.34
2022-09-16 00:00:00,Friday,144.11,142.11,143.11
2022-09-17 00:00:00,Saturday,,,
2022-09-18 00:00:00,Sunday,,,
2022-09-19 00:00:00,Monday,,,
2022-09-20 00:00:00,Thuesday,144.28,142.28,143.28
2022-09-21 00:00:00,Wednesday,144.73,142.73,143.73
2022-09-22 00:00:00,Thursday,145.51,143.51,144.51
2022-09-23 00:00:00,Friday,,,
2022-09-24 00:00:00,Saturday,,,
2022-09-25 00:00:00,Sunday,,,
2022-09-26 00:00:00,Monday,145.02,143.02,144.02
2022-09-27 00:00:00,Thuesday,145.51,143.51,144.51
2022-09-28 00:00:00,Wednesday,145.73,143.73,144.73
2022-09-29 00:00:00,Thursday,145.34,143.34,144.34
2022-09-30 00:00:00,Friday,145.81,143.81,144.81
2022-10-01 00:00:00,Saturday,,,
2022-10-02 00:00:00,Sunday,,,
2022-10-03 00:00:00,Monday,145.89,143.89,144.89
2022-10-04 00:00:00,Thuesday,145.72,143.72,144.72
2022-10-05 00:00:00,Wednesday,144.95,142.95,143.95
2022-10-06 00:00:00,Thursday,145.66,143.66,144.66
2022-10-07 00:00:00,Friday,145.92,143.92,144.92
2022-10-08 00:00:00,Saturday,,,
2022-10-09 00:00:00,Sunday,,,
2022-10-10 00:00:00,Monday,,,
2022-10-11 00:00:00,Thuesday,146.77,144.77,145.77
2022-10-12 00:00:00,Wednesday,147.2,145.2,146.2
2022-10-13 00:00:00,Thursday,147.94,145.94,146.94
2022-10-14 00:00:00,Friday,148.42,146.42,147.42
2022-10-15 00:00:00,Saturday,,,
2022-10-16 00:00:00,Sunday,,,
2022-10-17 00:00:00,Monday,149.61,147.61,148.61
2022-10-18 00:00:00,Thuesday,149.88,147.88,148.88
2022-10-19 00:00:00,Wednesday,150.22,148.22,149.22
2022-10-20 00:00:00,Thursday,150.98,148.98,149.98
2022-10-21 00:00:00,Friday,151.26,149.26,150.26
2022-10-22 00:00:00,Saturday,,,
2022-10-23 00:00:00,Sunday,,,
2022-10-24 00:00:00,Monday,150.03,148.03,149.03
2022-10-25 00:00:00,Thuesday,150.04,148.04,149.04
2022-10-26 00:00:00,Wednesday,149.23,147.23,148.23
2022-10-27 00:00:00,Thursday,147.09,145.09,146.09
2022-10-28 00:00:00,Friday,147.67,145.67,146.67
2022-10-29 00:00:00,Saturday,,,
2022-10-30 00:00:00,Sunday,,,
2022-10-31 00:00:00,Monday,149.26,147.26,148.26
2022-11-01 00:00:00,Thuesday,149.77,147.77,148.77
2022-11-02 00:00:00,Wednesday,148.62,146.62,147.62
2022-11-03 00:00:00,Thursday,,,
2022-11-04 00:00:00,Friday,149.34,147.34,148.34
2022-11-05 00:00:00,Saturday,,,
2022-11-06 00:00:00,Sunday,,,
2022-11-07 00:00:00,Monday,148.04,146.04,147.04
2022-11-08 00:00:00,Thuesday,147.55,145.55,146.55
2022-11-09 00:00:00,Wednesday,146.81,144.81,145.81
2022-11-10 00:00:00,Thursday,147.41,145.41,146.41
2022-11-11 00:00:00,Friday,142.87,140.87,141.87
2022-11-12 00:00:00,Saturday,,,
2022-11-13 00:00:00,Sunday,,,
2022-11-14 00:00:00,Monday,140.6,138.6,139.6
2022-11-15 00:00:00,Thuesday,141.41,139.41,140.41
2022-11-16 00:00:00,Wednesday,140.57,138.57,139.57
2022-11-17 00:00:00,Thursday,140.52,138.52,139.52
2022-11-18 00:00:00,Friday,141.29,139.29,140.29
2022-11-19 00:00:00,Saturday,,,
2022-11-20 00:00:00,Sunday,,,
2022-11-21 00:00:00,Monday,141.36,139.36,140.36
2022-11-22 00:00:00,Thuesday,143.1,141.1,142.1
2022-11-23 00:00:00,Wednesday,,,
2022-11-24 00:00:00,Thursday,140.26,138.26,139.26
2022-11-25 00:00:00,Friday,140.11,138.11,139.11
2022-11-26 00:00:00,Saturday,,,
2022-11-27 00:00:00,Sunday,,,
2022-11-28 00:00:00,Monday,140.1,138.1,139.1
2022-11-29 00:00:00,Thuesday,139.91,137.91,138.91
2022-11-30 00:00:00,Wednesday,139.87,137.87,138.87
2022-12-01 00:00:00,Thursday,138.09,136.09,137.09
2022-12-02 00:00:00,Friday,136.6,134.6,135.6
2022-12-03 00:00:00,Saturday,,,
2022-12-04 00:00:00,Sunday,,,
2022-12-05 00:00:00,Monday,135.73,133.73,134.73
2022-12-06 00:00:00,Thuesday,137.55,135.55,136.55
2022-12-07 00:00:00,Wednesday,138.31,136.31,137.31
2022-12-08 00:00:00,Thursday,137.57,135.57,136.57
2022-12-09 00:00:00,Friday,137.95,135.95,136.95
2022-12-10 00:00:00,Saturday,,,
2022-12-11 00:00:00,Sunday,,,
2022-12-12 00:00:00,Monday,137.76,135.76,136.76
2022-12-13 00:00:00,Thuesday,138.83,136.83,137.83
2022-12-14 00:00:00,Wednesday,136.49,134.49,135.49
2022-12-15 00:00:00,Thursday,136.48,134.48,135.48
2022-12-16 00:00:00,Friday,138.73,136.73,137.73
2022-12-17 00:00:00,Saturday,,,
2022-12-18 00:00:00,Sunday,,,
2022-12-19 00:00:00,Monday,137.22,135.22,136.22
2022-12-20 00:00:00,Thuesday,135.54,133.54,134.54
2022-12-21 00:00:00,Wednesday,132.78,130.78,131.78
2022-12-22 00:00:00,Thursday,133.29,131.29,132.29
2022-12-23 00:00:00,Friday,133.77,131.77,132.77
2022-12-24 00:00:00,Saturday,,,
2022-12-25 00:00:00,Sunday,,,
2022-12-26 00:00:00,Monday,133.33,131.33,132.33
2022-12-27 00:00:00,Thuesday,134.24,132.24,133.24
2022-12-28 00:00:00,Wednesday,134.94,132.94,133.94
2022-12-29 00:00:00,Thursday,135.16,133.16,134.16
2022-12-30 00:00:00,Friday,133.7,131.7,132.7
2022-12-31 00:00:00,Saturday,,,
2023-01-01 00:00:00,Sunday,,,
2023-01-02 00:00:00,Monday,,,
2023-01-03 00:00:00,Thuesday,,,
2023-01-04 00:00:00,Wednesday,132.01,130.01,131.01
2023-01-05 00:00:00,Thursday,133.16,131.16,132.16
2023-01-06 00:00:00,Friday,134.74,132.74,133.74
2023-01-07 00:00:00,Saturday,,,
2023-01-08 00:00:00,Sunday,,,
2023-01-09 00:00:00,Monday,,,
2023-01-10 00:00:00,Thuesday,132.85,130.85,131.85
2023-01-11 00:00:00,Wednesday,133.4,131.4,132.4
2023-01-12 00:00:00,Thursday,132.99,130.99,131.99
2023-01-13 00:00:00,Friday,130.28,128.28,129.28
2023-01-14 00:00:00,Saturday,,,
2023-01-15 00:00:00,Sunday,,,
2023-01-16 00:00:00,Monday,128.92,126.92,127.92
2023-01-17 00:00:00,Thuesday,129.46,127.46,128.46
2023-01-18 00:00:00,Wednesday,132.04,130.04,131.04
2023-01-19 00:00:00,Thursday,129.49,127.49,128.49
2023-01-20 00:00:00,Friday,129.71,127.71,128.71
2023-01-21 00:00:00,Saturday,,,
2023-01-22 00:00:00,Sunday,,,
2023-01-23 00:00:00,Monday,130.3,128.3,129.3
2023-01-24 00:00:00,Thuesday,131.42,129.42,130.42
2023-01-25 00:00:00,Wednesday,131.4,129.4,130.4
2023-01-26 00:00:00,Thursday,130.27,128.27,129.27
2023-01-27 00:00:00,Friday,130.59,128.59,129.59
2023-01-28 00:00:00,Saturday,,,
2023-01-29 00:00:00,Sunday,,,
2023-01-30 00:00:00,Monday,131.11,129.11,130.11
2023-01-31 00:00:00,Thuesday,131.47,129.47,130.47
2023-02-01 00:00:00,Wednesday,130.9,128.9,129.9
2023-02-02 00:00:00,Thursday,129.5,127.5,128.5
2023-02-03 00:00:00,Friday,129.75,127.75,128.75
2023-02-04 00:00:00,Saturday,,,
2023-02-05 00:00:00,Sunday,,,
2023-02-06 00:00:00,Monday,133.4,131.4,132.4
2023-02-07 00:00:00,Thuesday,133.58,131.58,132.58
2023-02-08 00:00:00,Wednesday,131.93,129.93,130.93
2023-02-09 00:00:00,Thursday,132.64,130.64,131.64
2023-02-10 00:00:00,Friday,132.71,130.71,131.71
2023-02-11 00:00:00,Saturday,,,
2023-02-12 00:00:00,Sunday,,,
2023-02-13 00:00:00,Monday,132.78,130.78,131.78
2023-02-14 00:00:00,Thuesday,133.32,131.32,132.32
2023-02-15 00:00:00,Wednesday,133.79,131.79,132.79
2023-02-16 00:00:00,Thursday,135.15,133.15,134.15
2023-02-17 00:00:00,Friday,135.4,133.4,134.4
2023-02-18 00:00:00,Saturday,,,
2023-02-19 00:00:00,Sunday,,,
2023-02-20 00:00:00,Monday,135.45,133.45,134.45
2023-02-21 00:00:00,Thuesday,135.32,133.32,134.32
2023-02-22 00:00:00,Wednesday,135.9,133.9,134.9
2023-02-23 00:00:00,Thursday,,,
2023-02-24 00:00:00,Friday,135.19,133.19,134.19
2023-02-25 00:00:00,Saturday,,,
2023-02-26 00:00:00,Sunday,,,
2023-02-27 00:00:00,Monday,137.27,135.27,136.27
2023-02-28 00:00:00,Thuesday,137.33,135.33,136.33
2023-03-01 00:00:00,Wednesday,137.41,135.41,136.41
2023-03-02 00:00:00,Thursday,137.15,135.15,136.15
2023-03-03 00:00:00,Friday,137.7,135.7,136.7
2023-03-04 00:00:00,Saturday,,,
2023-03-05 00:00:00,Sunday,,,
2023-03-06 00:00:00,Monday,136.92,134.92,135.92
2023-03-07 00:00:00,Thuesday,137.13,135.13,136.13
2023-03-08 00:00:00,Wednesday,138.35,136.35,137.35
2023-03-09 00:00:00,Thursday,138.1,136.1,137.1
2023-03-10 00:00:00,Friday,137.01,135.01,136.01
2023-03-11 00:00:00,Saturday,,,
2023-03-12 00:00:00,Sunday,,,
2023-03-13 00:00:00,Monday,135.34,133.34,134.34
2023-03-14 00:00:00,Thuesday,134.21,132.21,133.21
2023-03-15 00:00:00,Wednesday,135.62,133.62,134.62
2023-03-16 00:00:00,Thursday,134.31,132.31,133.31
2023-03-17 00:00:00,Friday,134.54,132.54,133.54
2023-03-18 00:00:00,Saturday,,,
2023-03-19 00:00:00,Sunday,,,
2023-03-20 00:00:00,Monday,133.68,131.68,132.68
2023-03-21 00:00:00,Thuesday,,,
2023-03-22 00:00:00,Wednesday,133.54,131.54,132.54
2023-03-23 00:00:00,Thursday,131.92,129.92,130.92
2023-03-24 00:00:00,Friday,131.65,129.65,130.65
2023-03-25 00:00:00,Saturday,,,
2023-03-26 00:00:00,Sunday,,,
2023-03-27 00:00:00,Monday,131.65,129.65,130.65
2023-03-28 00:00:00,Thuesday,131.66,129.66,130.66
2023-03-29 00:00:00,Wednesday,132.28,130.28,131.28
2023-03-30 00:00:00,Thursday,133.55,131.55,132.55
2023-03-31 00:00:00,Friday,134.53,132.53,133.53
2023-04-01 00:00:00,Saturday,,,
2023-04-02 00:00:00,Sunday,,,
2023-04-03 00:00:00,Monday,134.15,132.15,133.15
2023-04-04 00:00:00,Thuesday,133.62,131.62,132.62
2023-04-05 00:00:00,Wednesday,132.57,130.57,131.57
2023-04-06 00:00:00,Thursday,132.19,130.19,131.19
2023-04-07 00:00:00,Friday,132.78,130.78,131.78
2023-04-08 00:00:00,Saturday,,,
2023-04-09 00:00:00,Sunday,,,
2023-04-10 00:00:00,Monday,133.62,131.62,132.62
2023-04-11 00:00:00,Thuesday,134.48,132.48,133.48
2023-04-12 00:00:00,Wednesday,134.78,132.78,133.78
2023-04-13 00:00:00,Thursday,134.32,132.32,133.32
2023-04-14 00:00:00,Friday,133.6,131.6,132.6
2023-04-15 00:00:00,Saturday,,,
2023-04-16 00:00:00,Sunday,,,
2023-04-17 00:00:00,Monday,134.89,132.89,133.89
2023-04-18 00:00:00,Thuesday,135.47,133.47,134.47
2023-04-19 00:00:00,Wednesday,135.13,133.13,134.13
2023-04-20 00:00:00,Thursday,135.92,133.92,134.92
2023-04-21 00:00:00,Friday,135.32,133.32,134.32
2023-04-22 00:00:00,Saturday,,,
2023-04-23 00:00:00,Sunday,,,
2023-04-24 00:00:00,Monday,135.12,133.12,134.12
2023-04-25 00:00:00,Thuesday,135.34,133.34,134.34
2023-04-26 00:00:00,Wednesday,134.8,132.8,133.8
2023-04-27 00:00:00,Thursday,134.72,132.72,133.72
2023-04-28 00:00:00,Friday,135.13,133.13,134.13
2023-04-29 00:00:00,Saturday,,,
2023-04-30 00:00:00,Sunday,,,
2023-05-01 00:00:00,Monday,137.84,135.84,136.84
2023-05-02 00:00:00,Thuesday,138.67,136.67,137.67
2023-05-03 00:00:00,Wednesday,,,
2023-05-04 00:00:00,Thursday,,,
2023-05-05 00:00:00,Friday,,,
2023-05-06 00:00:00,Saturday,,,
2023-05-07 00:00:00,Sunday,,,
2023-05-08 00:00:00,Monday,136.14,134.14,135.14
2023-05-09 00:00:00,Thuesday,136.33,134.33,135.33
2023-05-10 00:00:00,Wednesday,136.15,134.15,135.15
2023-05-11 00:00:00,Thursday,135.18,133.18,134.18
2023-05-12 00:00:00,Friday,135.63,133.63,134.63
2023-05-13 00:00:00,Saturday,,,
2023-05-14 00:00:00,Sunday,,,
2023-05-15 00:00:00,Monday,137.05,135.05,136.05
2023-05-16 00:00:00,Thuesday,137.05,135.05,136.05
2023-05-17 00:00:00,Wednesday,137.49,135.49,136.49
2023-05-18 00:00:00,Thursday,138.62,136.62,137.62
2023-05-19 00:00:00,Friday,139.41,137.41,138.41
2023-05-20 00:00:00,Saturday,,,
2023-05-21 00:00:00,Sunday,,,
2023-05-22 00:00:00,Monday,138.72,136.72,137.72
2023-05-23 00:00:00,Thuesday,139.48,137.48,138.48
2023-05-24 00:00:00,Wednesday,139.63,137.63,138.63
2023-05-25 00:00:00,Thursday,140.54,138.54,139.54
2023-05-26 00:00:00,Friday,140.89,138.89,139.89
2023-05-27 00:00:00,Saturday,,,
2023-05-28 00:00:00,Sunday,,,
2023-05-29 00:00:00,Monday,141.77,139.77,140.77
2023-05-30 00:00:00,Thuesday,141.27,139.27,140.27
2023-05-31 00:00:00,Wednesday,140.77,138.77,139.77
2023-06-01 00:00:00,Thursday,140.19,138.19,139.19
2023-06-02 00:00:00,Friday,139.99,137.99,138.99
2023-06-03 00:00:00,Saturday,,,
2023-06-04 00:00:00,Sunday,,,
2023-06-05 00:00:00,Monday,141.18,139.18,140.18
2023-06-06 00:00:00,Thuesday,140.6,138.6,139.6
2023-06-07 00:00:00,Wednesday,140.51,138.51,139.51
2023-06-08 00:00:00,Thursday,141.0,139.0,140.0
2023-06-09 00:00:00,Friday,140.15,138.15,139.15
2023-06-10 00:00:00,Saturday,,,
2023-06-11 00:00:00,Sunday,,,
2023-06-12 00:00:00,Monday,140.43,138.43,139.43
2023-06-13 00:00:00,Thuesday,140.7,138.7,139.7
2023-06-14 00:00:00,Wednesday,141.07,139.07,140.07
2023-06-15 00:00:00,Thursday,141.39,139.39,140.39
2023-06-16 00:00:00,Friday,141.32,139.32,140.32
2023-06-17 00:00:00,Saturday,,,
2023-06-18 00:00:00,Sunday,,,
2023-06-19 00:00:00,Monday,142.97,140.97,141.97
2023-06-20 00:00:00,Thuesday,143.23,141.23,142.23
2023-06-21 00:00:00,Wednesday,142.65,140.65,141.65
2023-06-22 00:00:00,Thursday,142.97,140.97,141.97
2023-06-23 00:00:00,Friday,144.17,142.17,143.17
2023-06-24 00:00:00,Saturday,,,
2023-06-25 00:00:00,Sunday,,,
2023-06-26 00:00:00,Monday,144.49,142.49,143.49
2023-06-27 00:00:00,Thuesday,144.63,142.63,143.63
2023-06-28 00:00:00,Wednesday,144.87,142.87,143.87
2023-06-29 00:00:00,Thursday,145.35,143.35,144.35
2023-06-30 00:00:00,Friday,145.99,143.99,144.99
2023-07-01 00:00:00,Saturday,,,
2023-07-02 00:00:00,Sunday,,,
2023-07-03 00:00:00,Monday,145.51,143.51,144.51
2023-07-04 00:00:00,Thuesday,145.56,143.56,144.56
2023-07-05 00:00:00,Wednesday,145.56,143.56,144.56
2023-07-06 00:00:00,Thursday,145.44,143.44,144.44
2023-07-07 00:00:00,Friday,145.15,143.15,144.15
2023-07-08 00:00:00,Saturday,,,
2023-07-09 00:00:00,Sunday,,,
2023-07-10 00:00:00,Monday,143.54,141.54,142.54
2023-07-11 00:00:00,Thuesday,142.46,140.46,141.46
2023-07-12 00:00:00,Wednesday,140.89,138.89,139.89
2023-07-13 00:00:00,Thursday,139.68,137.68,138.68
2023-07-14 00:00:00,Friday,139.04,137.04,138.04
2023-07-15 00:00:00,Saturday,,,
2023-07-16 00:00:00,Sunday,,,
2023-07-17 00:00:00,Monday,,,
2023-07-18 00:00:00,Thuesday,139.88,137.88,138.88
2023-07-19 00:00:00,Wednesday,140.04,138.04,139.04
2023-07-20 00:00:00,Thursday,140.7,138.7,139.7
2023-07-21 00:00:00,Friday,141.09,139.09,140.09
2023-07-22 00:00:00,Saturday,,,
2023-07-23 00:00:00,Sunday,,,
2023-07-24 00:00:00,Monday,142.83,140.83,141.83
2023-07-25 00:00:00,Thuesday,142.58,140.58,141.58
2023-07-26 00:00:00,Wednesday,142.11,140.11,141.11
2023-07-27 00:00:00,Thursday,141.34,139.34,140.34
2023-07-28 00:00:00,Friday,140.53,138.53,139.53
2023-07-29 00:00:00,Saturday,,,
2023-07-30 00:00:00,Sunday,,,
2023-07-31 00:00:00,Monday,141.97,139.97,140.97
2023-08-01 00:00:00,Thuesday,143.45,141.45,142.45
2023-08-02 00:00:00,Wednesday,144.23,142.23,143.23
2023-08-03 00:00:00,Thursday,144.47,142.47,143.47
2023-08-04 00:00:00,Friday,143.88,141.88,142.88
2023-08-05 00:00:00,Saturday,,,
2023-08-06 00:00:00,Sunday,,,
2023-08-07 00:00:00,Monday,142.7,140.7,141.7
2023-08-08 00:00:00,Thuesday,144.06,142.06,143.06
2023-08-09 00:00:00,Wednesday,144.46,142.46,143.46
2023-08-10 00:00:00,Thursday,144.96,142.96,143.96
2023-08-11 00:00:00,Friday,,,
2023-08-12 00:00:00,Saturday,,,
2023-08-13 00:00:00,Sunday,,,
2023-08-14 00:00:00,Monday,146.11,144.11,145.11
2023-08-15 00:00:00,Thuesday,146.6,144.6,145.6
2023-08-16 00:00:00,Wednesday,146.72,144.72,145.72
2023-08-17 00:00:00,Thursday,147.49,145.49,146.49
2023-08-18 00:00:00,Friday,146.71,144.71,145.71
2023-08-19 00:00:00,Saturday,,,
2023-08-20 00:00:00,Sunday,,,
2023-08-21 00:00:00,Monday,146.33,144.33,145.33
2023-08-22 00:00:00,Thuesday,147.27,145.27,146.27
2023-08-23 00:00:00,Wednesday,146.72,144.72,145.72
2023-08-24 00:00:00,Thursday,145.86,143.86,144.86
2023-08-25 00:00:00,Friday,147.22,145.22,146.22
2023-08-26 00:00:00,Saturday,,,
2023-08-27 00:00:00,Sunday,,,
2023-08-28 00:00:00,Monday,147.55,145.55,146.55
2023-08-29 00:00:00,Thuesday,147.53,145.53,146.53
2023-08-30 00:00:00,Wednesday,147.05,145.05,146.05
2023-08-31 00:00:00,Thursday,147.2,145.2,146.2
2023-09-01 00:00:00,Friday,146.73,144.73,145.73
2023-09-02 00:00:00,Saturday,,,
2023-09-03 00:00:00,Sunday,,,
2023-09-04 00:00:00,Monday,147.27,145.27,146.27
2023-09-05 00:00:00,Thuesday,147.56,145.56,146.56
2023-09-06 00:00:00,Wednesday,148.86,146.86,147.86
2023-09-07 00:00:00,Thursday,148.94,146.94,147.94
2023-09-08 00:00:00,Friday,148.01,146.01,147.01
2023-09-09 00:00:00,Saturday,,,
2023-09-10 00:00:00,Sunday,,,
2023-09-11 00:00:00,Monday,147.97,145.97,146.97
2023-09-12 00:00:00,Thuesday,147.72,145.72,146.72
2023-09-13 00:00:00,Wednesday,148.32,146.32,147.32
2023-09-14 00:00:00,Thursday,148.17,146.17,147.17
2023-09-15 00:00:00,Friday,148.62,146.62,147.62
2023-09-16 00:00:00,Saturday,,,
2023-09-17 00:00:00,Sunday,,,
2023-09-18 00:00:00,Monday,,,
2023-09-19 00:00:00,Thuesday,148.73,146.73,147.73
2023-09-20 00:00:00,Wednesday,148.84,146.84,147.84
2023-09-21 00:00:00,Thursday,149.43,147.43,148.43
2023-09-22 00:00:00,Friday,148.67,146.67,147.67
2023-09-23 00:00:00,Saturday,,,
2023-09-24 00:00:00,Sunday,,,
2023-09-25 00:00:00,Monday,149.5,147.5,148.5
2023-09-26 00:00:00,Thuesday,149.95,147.95,148.95
2023-09-27 00:00:00,Wednesday,150.08,148.08,149.08
2023-09-28 00:00:00,Thursday,150.65,148.65,149.65
2023-09-29 00:00:00,Friday,150.58,148.58,149.58
